<?xml version="1.0" encoding="UTF-8"?>
<!DOCTYPE plist PUBLIC "-//Apple//DTD PLIST 1.0//EN" "http://www.apple.com/DTDs/PropertyList-1.0.dtd">
<plist version="1.0">
<dict>
	<key>files</key>
	<dict>
		<key>IQKeyboardManager.bundle/IQButtonBarArrowDown@2x.png</key>
		<data>
		E5PiMFtkr0ZmN8MxNrxc2l+sWqo=
		</data>
		<key>IQKeyboardManager.bundle/IQButtonBarArrowDown@3x.png</key>
		<data>
		4qk8zwoPP/Hr3/PMu+pXpZndyoI=
		</data>
		<key>IQKeyboardManager.bundle/IQButtonBarArrowLeft@2x.png</key>
		<data>
		FEV/+WMMqefzlnhy+R+VDCwm2LI=
		</data>
		<key>IQKeyboardManager.bundle/IQButtonBarArrowLeft@3x.png</key>
		<data>
		0ty6z7Lc+DVv6EbMb17x6wBO1FI=
		</data>
		<key>IQKeyboardManager.bundle/IQButtonBarArrowRight@2x.png</key>
		<data>
		gOrv0ek+tTv+38A1fsImH29pPmQ=
		</data>
		<key>IQKeyboardManager.bundle/IQButtonBarArrowRight@3x.png</key>
		<data>
		4M1rDWOTRrCoNp/ODMQ4NeCEAM4=
		</data>
		<key>IQKeyboardManager.bundle/IQButtonBarArrowUp@2x.png</key>
		<data>
		6/zeTZLnkYxSzfRaVZqa4FjuWAc=
		</data>
		<key>IQKeyboardManager.bundle/IQButtonBarArrowUp@3x.png</key>
		<data>
		2FGtDJvOI/LkviaOmF9z3/4/rU4=
		</data>
		<key>Info.plist</key>
		<data>
		5z1bRluP9b7T64ZjR1dSmNdNuAo=
		</data>
	</dict>
	<key>files2</key>
	<dict>
		<key>IQKeyboardManager.bundle/IQButtonBarArrowDown@2x.png</key>
		<dict>
			<key>hash</key>
			<data>
			E5PiMFtkr0ZmN8MxNrxc2l+sWqo=
			</data>
			<key>hash2</key>
			<data>
			h/9hC+664YiphHIfNIxMWY4yL3xxTy/odnrY1bKCxkw=
			</data>
		</dict>
		<key>IQKeyboardManager.bundle/IQButtonBarArrowDown@3x.png</key>
		<dict>
			<key>hash</key>
			<data>
			4qk8zwoPP/Hr3/PMu+pXpZndyoI=
			</data>
			<key>hash2</key>
			<data>
			Slj1H5d6wCG/SKY+GpqQlDAR/96W6To/tdhGSvYXFt0=
			</data>
		</dict>
		<key>IQKeyboardManager.bundle/IQButtonBarArrowLeft@2x.png</key>
		<dict>
			<key>hash</key>
			<data>
			FEV/+WMMqefzlnhy+R+VDCwm2LI=
			</data>
			<key>hash2</key>
			<data>
			awBt50hVmNGyePSLBYZzTCvyTZgXpi7YDu6L7UyS53Y=
			</data>
		</dict>
		<key>IQKeyboardManager.bundle/IQButtonBarArrowLeft@3x.png</key>
		<dict>
			<key>hash</key>
			<data>
			0ty6z7Lc+DVv6EbMb17x6wBO1FI=
			</data>
			<key>hash2</key>
			<data>
			IiKVdDiE/LEQzMH9eHqQVlo6CGZfrsW/OT/n+/KzCHk=
			</data>
		</dict>
		<key>IQKeyboardManager.bundle/IQButtonBarArrowRight@2x.png</key>
		<dict>
			<key>hash</key>
			<data>
			gOrv0ek+tTv+38A1fsImH29pPmQ=
			</data>
			<key>hash2</key>
			<data>
			YWxGn20RL2/1XhKnQIc2kTl+0H50DQ+BqxZ+HTReBoE=
			</data>
		</dict>
		<key>IQKeyboardManager.bundle/IQButtonBarArrowRight@3x.png</key>
		<dict>
			<key>hash</key>
			<data>
			4M1rDWOTRrCoNp/ODMQ4NeCEAM4=
			</data>
			<key>hash2</key>
			<data>
			YqYHh7YYvrvLod2iNkX2ja8Uv4W5I2qx8HwBmA3C7EM=
			</data>
		</dict>
		<key>IQKeyboardManager.bundle/IQButtonBarArrowUp@2x.png</key>
		<dict>
			<key>hash</key>
			<data>
			6/zeTZLnkYxSzfRaVZqa4FjuWAc=
			</data>
			<key>hash2</key>
			<data>
			m8wHarn1PYnWvYZhVvBtr5y8clhpWJGX5qrwrHrpsQQ=
			</data>
		</dict>
		<key>IQKeyboardManager.bundle/IQButtonBarArrowUp@3x.png</key>
		<dict>
			<key>hash</key>
			<data>
			2FGtDJvOI/LkviaOmF9z3/4/rU4=
			</data>
			<key>hash2</key>
			<data>
			mHgGzwRHbt8d8nUQ3O4sJDpFOCYNM1Lmp9v9bNPk2ek=
			</data>
		</dict>
	</dict>
	<key>rules</key>
	<dict>
		<key>^</key>
		<true/>
		<key>^.*\.lproj/</key>
		<dict>
			<key>optional</key>
			<true/>
			<key>weight</key>
			<real>1000</real>
		</dict>
		<key>^.*\.lproj/locversion.plist$</key>
		<dict>
			<key>omit</key>
			<true/>
			<key>weight</key>
			<real>1100</real>
		</dict>
		<key>^Base\.lproj/</key>
		<dict>
			<key>weight</key>
			<real>1010</real>
		</dict>
		<key>^version.plist$</key>
		<true/>
	</dict>
	<key>rules2</key>
	<dict>
		<key>.*\.dSYM($|/)</key>
		<dict>
			<key>weight</key>
			<real>11</real>
		</dict>
		<key>^</key>
		<dict>
			<key>weight</key>
			<real>20</real>
		</dict>
		<key>^(.*/)?\.DS_Store$</key>
		<dict>
			<key>omit</key>
			<true/>
			<key>weight</key>
			<real>2000</real>
		</dict>
		<key>^(Frameworks|SharedFrameworks|PlugIns|Plug-ins|XPCServices|Helpers|MacOS|Library/(Automator|Spotlight|LoginItems))/</key>
		<dict>
			<key>nested</key>
			<true/>
			<key>weight</key>
			<real>10</real>
		</dict>
		<key>^.*</key>
		<true/>
		<key>^.*\.lproj/</key>
		<dict>
			<key>optional</key>
			<true/>
			<key>weight</key>
			<real>1000</real>
		</dict>
		<key>^.*\.lproj/locversion.plist$</key>
		<dict>
			<key>omit</key>
			<true/>
			<key>weight</key>
			<real>1100</real>
		</dict>
		<key>^Base\.lproj/</key>
		<dict>
			<key>weight</key>
			<real>1010</real>
		</dict>
		<key>^Info\.plist$</key>
		<dict>
			<key>omit</key>
			<true/>
			<key>weight</key>
			<real>20</real>
		</dict>
		<key>^PkgInfo$</key>
		<dict>
			<key>omit</key>
			<true/>
			<key>weight</key>
			<real>20</real>
		</dict>
		<key>^[^/]+$</key>
		<dict>
			<key>nested</key>
			<true/>
			<key>weight</key>
			<real>10</real>
		</dict>
		<key>^embedded\.provisionprofile$</key>
		<dict>
			<key>weight</key>
			<real>20</real>
		</dict>
		<key>^version\.plist$</key>
		<dict>
			<key>weight</key>
			<real>20</real>
		</dict>
	</dict>
</dict>
</plist>
