{
    "LIRR": {
        "line": [
                 {
                 "name": "Babylon",
                 "id": "LI_1"
                 },
                 {
                 "name": "City Terminal Zone",
                 "id": "LI_12"
                 },
                 {
                 "name": "Far Rockaway",
                 "id": "LI_7"
                 },
                 {
                 "name": "Hempstead",
                 "id": "LI_2"
                 },
                 {
                 "name": "Long Beach",
                 "id": "LI_6"
                 },
                 {
                 "name": "Montauk",
                 "id": "LI_5"
                 },
                 {
                 "name": "Oyster Bay",
                 "id": "LI_3"
                 },
                 {
                 "name": "Port Jefferson",
                 "id": "LI_10"
                 },
                 {
                 "name": "Port Washington",
                 "id": "LI_9"
                 },
                 {
                 "name": "Ronkonkoma",
                 "id": "LI_4"
                 },
                 {
                 "name": "West Hempstead",
                 "id": "LI_8"
                 }
                 ]
    }
}
