{
    "code": 200,
    "currentTime": 1507284585827,
    "data": {
        "limitExceeded": false,
        "list": [
                 {
                 "shortName": "1",
                 "id": "MTA NYCT_1"
                 },
                 {
                 "id": "MTA NYCT_2",
                 "shortName": "2"
                 },
                 {
                 "id": "MTA NYCT_3",
                 "shortName": "3"
                 },
                 {
                 "id": "MTA NYCT_4",
                 "shortName": "4"
                 },
                 {
                 "id": "MTA NYCT_5",
                 "shortName": "5"
                 },
                 {
                 "id": "MTA NYCT_6",
                 "shortName": "6"
                 },
                 {
                 "id": "MTA NYCT_7",
                 "shortName": "7"
                 },
                 {
                 "id": "MTA NYCT_A",
                 "shortName": "A"
                 },
                 {
                 "id": "MTA NYCT_C",
                 "shortName": "C"
                 },
                 {
                 "id": "MTA NYCT_E",
                 "shortName": "E"
                 },
                 {
                 "id": "MTA NYCT_B",
                 "shortName": "B"
                 },
                 {
                 "id": "MTA NYCT_D",
                 "shortName": "D"
                 },
                 {
                 "id": "MTA NYCT_F",
                 "shortName": "F"
                 },
                 {
                 "id": "MTA NYCT_M",
                 "shortName": "M"
                 },
                 {
                 "id": "MTA NYCT_G",
                 "shortName": "G"
                 },
                 {
                 "id": "MTA NYCT_J",
                 "shortName": "J"
                 },
                 {
                 "id": "MTA NYCT_Z",
                 "shortName": "Z"
                 },
                 {
                 "id": "MTA NYCT_L",
                 "shortName": "L"
                 },
                 {
                 "id": "MTA NYCT_N",
                 "shortName": "N"
                 },
                 {
                 "id": "MTA NYCT_Q",
                 "shortName": "Q"
                 },
                 {
                 "id": "MTA NYCT_R",
                 "shortName": "R"
                 },
                 {
                 "id": "MTA NYCT_W",
                 "shortName": "W"
                 },
                 {
                 "id": "MTA NYCT_GS",
                 "shortName": "GS"
                 },
                 {
                 "id": "MTA NYCT_FS",
                 "shortName": "FS"
                 },
                 {
                 "id": "MTA NYCT_H",
                 "shortName": "H"
                 },
                 {
                 "id": "MTA NYCT_SI",
                 "shortName": "SIR"
                 }
                 ]
    }
}
