<?xml version="1.0" encoding="UTF-8"?>
<!DOCTYPE plist PUBLIC "-//Apple//DTD PLIST 1.0//EN" "http://www.apple.com/DTDs/PropertyList-1.0.dtd">
<plist version="1.0">
<dict>
	<key>files</key>
	<dict>
		<key>Info.plist</key>
		<data>
		fU7u9Oc7AEPzJOoRQbvP5naoaYc=
		</data>
		<key>SwiftDate.bundle/ar.lproj/SwiftDate.strings</key>
		<dict>
			<key>hash</key>
			<data>
			+Vt4Nf1dqWLRQVfQ4MNuljV5OAY=
			</data>
			<key>optional</key>
			<true/>
		</dict>
		<key>SwiftDate.bundle/ca-ES.lproj/SwiftDate.strings</key>
		<dict>
			<key>hash</key>
			<data>
			j2/losf/2YhnCIqi+iJayRge3Kk=
			</data>
			<key>optional</key>
			<true/>
		</dict>
		<key>SwiftDate.bundle/cs-CZ.lproj/SwiftDate.strings</key>
		<dict>
			<key>hash</key>
			<data>
			V0s1j7QQJYc6W/+jMB5/iVkNjR8=
			</data>
			<key>optional</key>
			<true/>
		</dict>
		<key>SwiftDate.bundle/da-DK.lproj/SwiftDate.strings</key>
		<dict>
			<key>hash</key>
			<data>
			J1A5YtbkGAiOyhJgdjK5MRyP/Og=
			</data>
			<key>optional</key>
			<true/>
		</dict>
		<key>SwiftDate.bundle/de-AT.lproj/SwiftDate.strings</key>
		<dict>
			<key>hash</key>
			<data>
			hC2NmZI5v/gIQFCHnWT+j//T220=
			</data>
			<key>optional</key>
			<true/>
		</dict>
		<key>SwiftDate.bundle/de-DE.lproj/SwiftDate.strings</key>
		<dict>
			<key>hash</key>
			<data>
			hC2NmZI5v/gIQFCHnWT+j//T220=
			</data>
			<key>optional</key>
			<true/>
		</dict>
		<key>SwiftDate.bundle/el_GR.lproj/SwiftDate.strings</key>
		<dict>
			<key>hash</key>
			<data>
			7P88ShIbdq5TKjNEG9k5o+9f59M=
			</data>
			<key>optional</key>
			<true/>
		</dict>
		<key>SwiftDate.bundle/en-GB.lproj/SwiftDate.strings</key>
		<dict>
			<key>hash</key>
			<data>
			XcBUYV/GOVY5F0mq8wOPEVx1rz0=
			</data>
			<key>optional</key>
			<true/>
		</dict>
		<key>SwiftDate.bundle/en-US.lproj/SwiftDate.strings</key>
		<dict>
			<key>hash</key>
			<data>
			XcBUYV/GOVY5F0mq8wOPEVx1rz0=
			</data>
			<key>optional</key>
			<true/>
		</dict>
		<key>SwiftDate.bundle/es-ES.lproj/SwiftDate.strings</key>
		<dict>
			<key>hash</key>
			<data>
			d8ayZLzxKUZpMryK1WirIKOrQAQ=
			</data>
			<key>optional</key>
			<true/>
		</dict>
		<key>SwiftDate.bundle/fr-FR.lproj/SwiftDate.strings</key>
		<dict>
			<key>hash</key>
			<data>
			jSNZk1D6/eB4gVPnD3Bc1ocl2/U=
			</data>
			<key>optional</key>
			<true/>
		</dict>
		<key>SwiftDate.bundle/he-IL.lproj/SwiftDate.strings</key>
		<dict>
			<key>hash</key>
			<data>
			Hf9J1xXoLz1Vt3b9jJOz//ui5tI=
			</data>
			<key>optional</key>
			<true/>
		</dict>
		<key>SwiftDate.bundle/hu-HU.lproj/SwiftDate.strings</key>
		<dict>
			<key>hash</key>
			<data>
			4qvycXsZl5l+PUcVErdVvgB4H54=
			</data>
			<key>optional</key>
			<true/>
		</dict>
		<key>SwiftDate.bundle/id-ID.lproj/SwiftDate.strings</key>
		<dict>
			<key>hash</key>
			<data>
			nuDUB02lH269beroO1mIP5aslF4=
			</data>
			<key>optional</key>
			<true/>
		</dict>
		<key>SwiftDate.bundle/it-IT.lproj/SwiftDate.strings</key>
		<dict>
			<key>hash</key>
			<data>
			TbDqaS+zHcSUKUGOYGTxiR6njYw=
			</data>
			<key>optional</key>
			<true/>
		</dict>
		<key>SwiftDate.bundle/ja-JP.lproj/SwiftDate.strings</key>
		<dict>
			<key>hash</key>
			<data>
			ubXN1Uy32wP1+qtAIDxtze/AckM=
			</data>
			<key>optional</key>
			<true/>
		</dict>
		<key>SwiftDate.bundle/ko-KR.lproj/SwiftDate.strings</key>
		<dict>
			<key>hash</key>
			<data>
			s52HlsWH6cac9869Bz8gcA6ZN+A=
			</data>
			<key>optional</key>
			<true/>
		</dict>
		<key>SwiftDate.bundle/nb-NO.lproj/SwiftDate.strings</key>
		<dict>
			<key>hash</key>
			<data>
			pE6VQCPF/U8T9/DQuTLvBxrTOKQ=
			</data>
			<key>optional</key>
			<true/>
		</dict>
		<key>SwiftDate.bundle/nl-NL.lproj/SwiftDate.strings</key>
		<dict>
			<key>hash</key>
			<data>
			ZBJMNFvo/DQs41jxgT6+PRBECGw=
			</data>
			<key>optional</key>
			<true/>
		</dict>
		<key>SwiftDate.bundle/pt.lproj/SwiftDate.strings</key>
		<dict>
			<key>hash</key>
			<data>
			KlLMMDXZcXvCZpm85V9D4L/z+b4=
			</data>
			<key>optional</key>
			<true/>
		</dict>
		<key>SwiftDate.bundle/ru.lproj/SwiftDate.strings</key>
		<dict>
			<key>hash</key>
			<data>
			wOKwnT/+9/62+4eL/q+PEaCsrXk=
			</data>
			<key>optional</key>
			<true/>
		</dict>
		<key>SwiftDate.bundle/sk-SK.lproj/SwiftDate.strings</key>
		<dict>
			<key>hash</key>
			<data>
			BsKq2iw4MwKO8jhUNsBZleO4k/o=
			</data>
			<key>optional</key>
			<true/>
		</dict>
		<key>SwiftDate.bundle/sv-SE.lproj/SwiftDate.strings</key>
		<dict>
			<key>hash</key>
			<data>
			NIoGERo+m7lsOZe5A9TgbQ1oMXg=
			</data>
			<key>optional</key>
			<true/>
		</dict>
		<key>SwiftDate.bundle/tr-TR.lproj/SwiftDate.strings</key>
		<dict>
			<key>hash</key>
			<data>
			z3MC3Tl/t3fJIOOcP6qOT0CeqTo=
			</data>
			<key>optional</key>
			<true/>
		</dict>
		<key>SwiftDate.bundle/vi-VN.lproj/SwiftDate.strings</key>
		<dict>
			<key>hash</key>
			<data>
			azI7qS8HcUnTPqw39ARNfFZ/2wM=
			</data>
			<key>optional</key>
			<true/>
		</dict>
		<key>SwiftDate.bundle/zh-Hans-CN.lproj/SwiftDate.strings</key>
		<dict>
			<key>hash</key>
			<data>
			rFCVyMSH3L+kcotbaZlkJhzT374=
			</data>
			<key>optional</key>
			<true/>
		</dict>
		<key>SwiftDate.bundle/zh-Hant-CN.lproj/SwiftDate.strings</key>
		<dict>
			<key>hash</key>
			<data>
			H2+lwwttRPUAzbwfGSOTlST2rqM=
			</data>
			<key>optional</key>
			<true/>
		</dict>
	</dict>
	<key>files2</key>
	<dict>
		<key>SwiftDate.bundle/ar.lproj/SwiftDate.strings</key>
		<dict>
			<key>hash</key>
			<data>
			+Vt4Nf1dqWLRQVfQ4MNuljV5OAY=
			</data>
			<key>hash2</key>
			<data>
			2cO0I2WZ28ILMUiCVesOGrSWCf7Tx84H/ePCECFMmZk=
			</data>
			<key>optional</key>
			<true/>
		</dict>
		<key>SwiftDate.bundle/ca-ES.lproj/SwiftDate.strings</key>
		<dict>
			<key>hash</key>
			<data>
			j2/losf/2YhnCIqi+iJayRge3Kk=
			</data>
			<key>hash2</key>
			<data>
			Ei101Yg6Djwel9+Om3r/Educ044Dd2mbaBqSPKBK2fg=
			</data>
			<key>optional</key>
			<true/>
		</dict>
		<key>SwiftDate.bundle/cs-CZ.lproj/SwiftDate.strings</key>
		<dict>
			<key>hash</key>
			<data>
			V0s1j7QQJYc6W/+jMB5/iVkNjR8=
			</data>
			<key>hash2</key>
			<data>
			jq8dZhByE58zPHFIKL24oMbgV1hL4tx3D6OVHyicijQ=
			</data>
			<key>optional</key>
			<true/>
		</dict>
		<key>SwiftDate.bundle/da-DK.lproj/SwiftDate.strings</key>
		<dict>
			<key>hash</key>
			<data>
			J1A5YtbkGAiOyhJgdjK5MRyP/Og=
			</data>
			<key>hash2</key>
			<data>
			P0AT2BwGvnoBh788UOv+jX5tQQsFw+p8XbQBBhzbJ68=
			</data>
			<key>optional</key>
			<true/>
		</dict>
		<key>SwiftDate.bundle/de-AT.lproj/SwiftDate.strings</key>
		<dict>
			<key>hash</key>
			<data>
			hC2NmZI5v/gIQFCHnWT+j//T220=
			</data>
			<key>hash2</key>
			<data>
			JnnJx8xL2iki8a1zA4aaFm883NELZX1xmszzILyteXA=
			</data>
			<key>optional</key>
			<true/>
		</dict>
		<key>SwiftDate.bundle/de-DE.lproj/SwiftDate.strings</key>
		<dict>
			<key>hash</key>
			<data>
			hC2NmZI5v/gIQFCHnWT+j//T220=
			</data>
			<key>hash2</key>
			<data>
			JnnJx8xL2iki8a1zA4aaFm883NELZX1xmszzILyteXA=
			</data>
			<key>optional</key>
			<true/>
		</dict>
		<key>SwiftDate.bundle/el_GR.lproj/SwiftDate.strings</key>
		<dict>
			<key>hash</key>
			<data>
			7P88ShIbdq5TKjNEG9k5o+9f59M=
			</data>
			<key>hash2</key>
			<data>
			9iHwkntbzWO81vAEOd0X+gCcS69fOT2NdhAjHvTSJ+o=
			</data>
			<key>optional</key>
			<true/>
		</dict>
		<key>SwiftDate.bundle/en-GB.lproj/SwiftDate.strings</key>
		<dict>
			<key>hash</key>
			<data>
			XcBUYV/GOVY5F0mq8wOPEVx1rz0=
			</data>
			<key>hash2</key>
			<data>
			X/fga2H7YdzeYhRA2t2DREFZ4NiZ3NcgQyugjOrzgwk=
			</data>
			<key>optional</key>
			<true/>
		</dict>
		<key>SwiftDate.bundle/en-US.lproj/SwiftDate.strings</key>
		<dict>
			<key>hash</key>
			<data>
			XcBUYV/GOVY5F0mq8wOPEVx1rz0=
			</data>
			<key>hash2</key>
			<data>
			X/fga2H7YdzeYhRA2t2DREFZ4NiZ3NcgQyugjOrzgwk=
			</data>
			<key>optional</key>
			<true/>
		</dict>
		<key>SwiftDate.bundle/es-ES.lproj/SwiftDate.strings</key>
		<dict>
			<key>hash</key>
			<data>
			d8ayZLzxKUZpMryK1WirIKOrQAQ=
			</data>
			<key>hash2</key>
			<data>
			egI3gtmvDNORq2XQ/izamSqS2aF0ijVIDuRqe5hSrTI=
			</data>
			<key>optional</key>
			<true/>
		</dict>
		<key>SwiftDate.bundle/fr-FR.lproj/SwiftDate.strings</key>
		<dict>
			<key>hash</key>
			<data>
			jSNZk1D6/eB4gVPnD3Bc1ocl2/U=
			</data>
			<key>hash2</key>
			<data>
			mpctbkE9UyKGKRK9UALcE/UOentZtETSK/henRLQBA4=
			</data>
			<key>optional</key>
			<true/>
		</dict>
		<key>SwiftDate.bundle/he-IL.lproj/SwiftDate.strings</key>
		<dict>
			<key>hash</key>
			<data>
			Hf9J1xXoLz1Vt3b9jJOz//ui5tI=
			</data>
			<key>hash2</key>
			<data>
			6A/QqpRbe/nyAOEH3OqyXqlL937km6+niz0XnpjhBoA=
			</data>
			<key>optional</key>
			<true/>
		</dict>
		<key>SwiftDate.bundle/hu-HU.lproj/SwiftDate.strings</key>
		<dict>
			<key>hash</key>
			<data>
			4qvycXsZl5l+PUcVErdVvgB4H54=
			</data>
			<key>hash2</key>
			<data>
			56qRTwNsokte3Npin9cuX2cAN0ZuT/PdUTcD30qZ4rQ=
			</data>
			<key>optional</key>
			<true/>
		</dict>
		<key>SwiftDate.bundle/id-ID.lproj/SwiftDate.strings</key>
		<dict>
			<key>hash</key>
			<data>
			nuDUB02lH269beroO1mIP5aslF4=
			</data>
			<key>hash2</key>
			<data>
			95KLXQum3dulxcJg2n1b0LDPXs1Men9tqBwm/hvchFY=
			</data>
			<key>optional</key>
			<true/>
		</dict>
		<key>SwiftDate.bundle/it-IT.lproj/SwiftDate.strings</key>
		<dict>
			<key>hash</key>
			<data>
			TbDqaS+zHcSUKUGOYGTxiR6njYw=
			</data>
			<key>hash2</key>
			<data>
			sHKcnYLR5FwzmJYL+g0QvoZ5XjoSGKvtayZpTA7jOtg=
			</data>
			<key>optional</key>
			<true/>
		</dict>
		<key>SwiftDate.bundle/ja-JP.lproj/SwiftDate.strings</key>
		<dict>
			<key>hash</key>
			<data>
			ubXN1Uy32wP1+qtAIDxtze/AckM=
			</data>
			<key>hash2</key>
			<data>
			J2ho6kQrJxjuid+aSdaX/lHLNiucJzG7ktts0xqcbdU=
			</data>
			<key>optional</key>
			<true/>
		</dict>
		<key>SwiftDate.bundle/ko-KR.lproj/SwiftDate.strings</key>
		<dict>
			<key>hash</key>
			<data>
			s52HlsWH6cac9869Bz8gcA6ZN+A=
			</data>
			<key>hash2</key>
			<data>
			3zJuXQF1lcrYMJ0ub27xZHuUd7NWPDD1y7xyWC5JRJ0=
			</data>
			<key>optional</key>
			<true/>
		</dict>
		<key>SwiftDate.bundle/nb-NO.lproj/SwiftDate.strings</key>
		<dict>
			<key>hash</key>
			<data>
			pE6VQCPF/U8T9/DQuTLvBxrTOKQ=
			</data>
			<key>hash2</key>
			<data>
			4mR1YFs7MnRBgMgYW5SFeQM6vaXP5h2wJrF4AEIb0UQ=
			</data>
			<key>optional</key>
			<true/>
		</dict>
		<key>SwiftDate.bundle/nl-NL.lproj/SwiftDate.strings</key>
		<dict>
			<key>hash</key>
			<data>
			ZBJMNFvo/DQs41jxgT6+PRBECGw=
			</data>
			<key>hash2</key>
			<data>
			YDjIuQp/0bNdnr/rmR3f52n4Ih6fMtImarkkWM4Zekk=
			</data>
			<key>optional</key>
			<true/>
		</dict>
		<key>SwiftDate.bundle/pt.lproj/SwiftDate.strings</key>
		<dict>
			<key>hash</key>
			<data>
			KlLMMDXZcXvCZpm85V9D4L/z+b4=
			</data>
			<key>hash2</key>
			<data>
			lhzT7A4vvNAhqUHryajALVQ+f9Ana7WlsTe0/xU6P1w=
			</data>
			<key>optional</key>
			<true/>
		</dict>
		<key>SwiftDate.bundle/ru.lproj/SwiftDate.strings</key>
		<dict>
			<key>hash</key>
			<data>
			wOKwnT/+9/62+4eL/q+PEaCsrXk=
			</data>
			<key>hash2</key>
			<data>
			LFIkxen1+yLCAWgBSkeXfmJvsezoIO+yXm1vQfZ0uhE=
			</data>
			<key>optional</key>
			<true/>
		</dict>
		<key>SwiftDate.bundle/sk-SK.lproj/SwiftDate.strings</key>
		<dict>
			<key>hash</key>
			<data>
			BsKq2iw4MwKO8jhUNsBZleO4k/o=
			</data>
			<key>hash2</key>
			<data>
			K38M9s+Vq+gR5mvltslOWyjOw3UuxPW4OfS0094VZk8=
			</data>
			<key>optional</key>
			<true/>
		</dict>
		<key>SwiftDate.bundle/sv-SE.lproj/SwiftDate.strings</key>
		<dict>
			<key>hash</key>
			<data>
			NIoGERo+m7lsOZe5A9TgbQ1oMXg=
			</data>
			<key>hash2</key>
			<data>
			+rnhDUknvuw7iFfGpNQnep/ZgPVlGjrJ5T+QN4/gZNI=
			</data>
			<key>optional</key>
			<true/>
		</dict>
		<key>SwiftDate.bundle/tr-TR.lproj/SwiftDate.strings</key>
		<dict>
			<key>hash</key>
			<data>
			z3MC3Tl/t3fJIOOcP6qOT0CeqTo=
			</data>
			<key>hash2</key>
			<data>
			mTjV/VbEz7ZYQRexMA5xteryJ72gG2vwzTxg6GUtUAc=
			</data>
			<key>optional</key>
			<true/>
		</dict>
		<key>SwiftDate.bundle/vi-VN.lproj/SwiftDate.strings</key>
		<dict>
			<key>hash</key>
			<data>
			azI7qS8HcUnTPqw39ARNfFZ/2wM=
			</data>
			<key>hash2</key>
			<data>
			OWaJAD4TW2lX9U5+q8SrbYwv6Z0MLaXow5IU50pLNgU=
			</data>
			<key>optional</key>
			<true/>
		</dict>
		<key>SwiftDate.bundle/zh-Hans-CN.lproj/SwiftDate.strings</key>
		<dict>
			<key>hash</key>
			<data>
			rFCVyMSH3L+kcotbaZlkJhzT374=
			</data>
			<key>hash2</key>
			<data>
			Y/bU7uXlEdV4R57Gu128Ldm8acsUcetFSTlzVpyhNd4=
			</data>
			<key>optional</key>
			<true/>
		</dict>
		<key>SwiftDate.bundle/zh-Hant-CN.lproj/SwiftDate.strings</key>
		<dict>
			<key>hash</key>
			<data>
			H2+lwwttRPUAzbwfGSOTlST2rqM=
			</data>
			<key>hash2</key>
			<data>
			oH48fAyZl8epfY0vqYsCKt7IHD1HiJ2C+/+MuhTH334=
			</data>
			<key>optional</key>
			<true/>
		</dict>
	</dict>
	<key>rules</key>
	<dict>
		<key>^</key>
		<true/>
		<key>^.*\.lproj/</key>
		<dict>
			<key>optional</key>
			<true/>
			<key>weight</key>
			<real>1000</real>
		</dict>
		<key>^.*\.lproj/locversion.plist$</key>
		<dict>
			<key>omit</key>
			<true/>
			<key>weight</key>
			<real>1100</real>
		</dict>
		<key>^Base\.lproj/</key>
		<dict>
			<key>weight</key>
			<real>1010</real>
		</dict>
		<key>^version.plist$</key>
		<true/>
	</dict>
	<key>rules2</key>
	<dict>
		<key>.*\.dSYM($|/)</key>
		<dict>
			<key>weight</key>
			<real>11</real>
		</dict>
		<key>^</key>
		<dict>
			<key>weight</key>
			<real>20</real>
		</dict>
		<key>^(.*/)?\.DS_Store$</key>
		<dict>
			<key>omit</key>
			<true/>
			<key>weight</key>
			<real>2000</real>
		</dict>
		<key>^(Frameworks|SharedFrameworks|PlugIns|Plug-ins|XPCServices|Helpers|MacOS|Library/(Automator|Spotlight|LoginItems))/</key>
		<dict>
			<key>nested</key>
			<true/>
			<key>weight</key>
			<real>10</real>
		</dict>
		<key>^.*</key>
		<true/>
		<key>^.*\.lproj/</key>
		<dict>
			<key>optional</key>
			<true/>
			<key>weight</key>
			<real>1000</real>
		</dict>
		<key>^.*\.lproj/locversion.plist$</key>
		<dict>
			<key>omit</key>
			<true/>
			<key>weight</key>
			<real>1100</real>
		</dict>
		<key>^Base\.lproj/</key>
		<dict>
			<key>weight</key>
			<real>1010</real>
		</dict>
		<key>^Info\.plist$</key>
		<dict>
			<key>omit</key>
			<true/>
			<key>weight</key>
			<real>20</real>
		</dict>
		<key>^PkgInfo$</key>
		<dict>
			<key>omit</key>
			<true/>
			<key>weight</key>
			<real>20</real>
		</dict>
		<key>^[^/]+$</key>
		<dict>
			<key>nested</key>
			<true/>
			<key>weight</key>
			<real>10</real>
		</dict>
		<key>^embedded\.provisionprofile$</key>
		<dict>
			<key>weight</key>
			<real>20</real>
		</dict>
		<key>^version\.plist$</key>
		<dict>
			<key>weight</key>
			<real>20</real>
		</dict>
	</dict>
</dict>
</plist>
